{"cameraMode":{"drawMode":0,"name":"Shaded","section":"Shading Mode"},"sceneLighting":false,"audioPlay":false,"sceneViewState":{"showFog":true,"showMaterialUpdate":false,"showSkybox":false,"showFlares":true,"showImageEffects":true,"showParticleSystems":true},"in2DMode":false,"pivot":{"x":-0.03426608443260193,"y":0.9704101085662842,"z":-5.960464477539063e-8},"rotation":{"x":-0.007768914103507996,"y":0.98497074842453,"z":-0.16706077754497529,"w":-0.045178141444921496},"size":1.422715663909912,"orthographic":true}