{"cameraMode":{"drawMode":0,"name":"Shaded","section":"Shading Mode"},"sceneLighting":false,"audioPlay":false,"sceneViewState":{"showFog":true,"showMaterialUpdate":false,"showSkybox":false,"showFlares":true,"showImageEffects":true,"showParticleSystems":true},"in2DMode":false,"pivot":{"x":4.673646450042725,"y":1.4344640970230103,"z":-5.960464477539063e-8},"rotation":{"x":-0.30731096863746645,"y":0.1753966212272644,"z":-0.05771499499678612,"w":-0.9335440397262573},"size":7.909053325653076,"orthographic":false}