{"cameraMode":{"drawMode":0,"name":"Shaded","section":"Shading Mode"},"sceneLighting":true,"audioPlay":false,"sceneViewState":{"showFog":true,"showMaterialUpdate":false,"showSkybox":true,"showFlares":true,"showImageEffects":true,"showParticleSystems":true},"in2DMode":false,"pivot":{"x":35.505130767822269,"y":-13.285253524780274,"z":34.2421875},"rotation":{"x":-0.11793117970228195,"y":0.8722518086433411,"z":-0.25812941789627077,"w":-0.39856648445129397},"size":33.75978088378906,"orthographic":true}