{"cameraMode":{"drawMode":0,"name":"Shaded","section":"Shading Mode"},"sceneLighting":false,"audioPlay":false,"sceneViewState":{"showFog":true,"showMaterialUpdate":false,"showSkybox":false,"showFlares":true,"showImageEffects":true,"showParticleSystems":true},"in2DMode":false,"pivot":{"x":5.713526248931885,"y":1.397849678993225,"z":3.102839946746826},"rotation":{"x":-0.040759459137916568,"y":-0.3115086257457733,"z":0.013391155749559403,"w":-0.949342668056488},"size":5.972896575927734,"orthographic":false}