{"cameraMode":{"drawMode":0,"name":"Shaded","section":"Shading Mode"},"sceneLighting":false,"audioPlay":false,"sceneViewState":{"showFog":true,"showMaterialUpdate":false,"showSkybox":false,"showFlares":true,"showImageEffects":true,"showParticleSystems":true},"in2DMode":false,"pivot":{"x":3.706113338470459,"y":1.701852560043335,"z":-5.960464477539063e-8},"rotation":{"x":-0.12348164618015289,"y":-0.1057615652680397,"z":0.01326056569814682,"w":-0.9866281151771545},"size":2.694906711578369,"orthographic":false}