{"cameraMode":{"drawMode":0,"name":"Shaded","section":"Shading Mode"},"sceneLighting":true,"audioPlay":false,"sceneViewState":{"showFog":true,"showMaterialUpdate":false,"showSkybox":true,"showFlares":true,"showImageEffects":true,"showParticleSystems":true},"in2DMode":false,"pivot":{"x":-1.1410125494003297,"y":2.9022393226623537,"z":0.6878937482833862},"rotation":{"x":0.06664717197418213,"y":0.32179534435272219,"z":-0.022875381633639337,"w":0.9442846179008484},"size":9.498740196228028,"orthographic":true}