{"cameraMode":{"drawMode":0,"name":"Shaded","section":"Shading Mode"},"sceneLighting":false,"audioPlay":false,"sceneViewState":{"showFog":true,"showMaterialUpdate":false,"showSkybox":false,"showFlares":true,"showImageEffects":true,"showParticleSystems":true},"in2DMode":false,"pivot":{"x":-0.1635427474975586,"y":0.13605347275733949,"z":-0.03727935254573822},"rotation":{"x":-0.15981034934520722,"y":-0.2278144210577011,"z":0.03807061165571213,"w":-0.9598376750946045},"size":0.18693454563617707,"orthographic":true}